{
  "Home": {
    "x": 199.29412841796875,
    "y": 6.137220771051943e-05,
    "z": -8.720489501953125,
    "r": 1.7644113540882245e-05
  },
  "overbelt": {
    "x": 117.50395965576172,
    "y": 228.52272033691406,
    "z": 53.274742126464844,
    "r": 62.7896614074707
  },
  "2 overbelt": {
    "x": 26.008195877075195,
    "y": -211.26095581054688,
    "z": 75.07807922363281,
    "r": 62.78966522216797
  },
  "2 belt": {
    "x": 26.015602111816406,
    "y": -211.32110595703125,
    "z": 21.563438415527344,
    "r": 62.78966522216797
  },
  "over belt": {
    "x": 159.00210571289062,
    "y": 208.94264221191406,
    "z": 43.266326904296875,
    "r": 52.730838775634766
  },
  "belt": {
    "x": 158.99757385253906,
    "y": 208.93670654296875,
    "z": 12.370803833007812,
    "r": 52.730838775634766
  }
}