{
  "Testloc": {
    "x": 25.877941131591797,
    "y": -138.78953552246094,
    "z": 108.28823852539062,
    "r": -79.18976593017578
  },
  "Startloc": {
    "x": 131.804931640625,
    "y": -5.300568580627441,
    "z": 100.60931396484375,
    "r": -2.0544722080230713
  },
  "home": {
    "x": 199.99998474121094,
    "y": 0.0,
    "z": 50.0,
    "r": -2.3283064365386963e-10
  },
  "above belt": {
    "x": 207.91212463378906,
    "y": -94.93448638916016,
    "z": 76.71495056152344,
    "r": 0.0
  },
  "cube": {
    "x": 102.64273834228516,
    "y": -149.86795043945312,
    "z": -60.355491638183594,
    "r": 0.0
  }
}