{
  "start": {
    "x": 199.94461059570312,
    "y": 6.157260941108689e-05,
    "z": 107.01264190673828,
    "r": 1.7644139006733894e-05
  },
  "ob1": {
    "x": 117.859375,
    "y": -31.366390228271484,
    "z": 52.315185546875,
    "r": -14.902923583984375
  },
  "b1": {
    "x": 118.81975555419922,
    "y": -31.621980667114258,
    "z": -47.33533477783203,
    "r": -14.902923583984375
  },
  "bluedropoff": {
    "x": 191.48724365234375,
    "y": 56.496707916259766,
    "z": 31.46478271484375,
    "r": 16.43825340270996
  },
  "yellowdropoff": {
    "x": 186.0033721923828,
    "y": 149.0168914794922,
    "z": 119.9091796875,
    "r": 38.700016021728516
  },
  "ob2": {
    "x": 122.05781555175781,
    "y": -10.684950828552246,
    "z": 65.77385711669922,
    "r": -5.002923488616943
  },
  "b2": {
    "x": 114.67511749267578,
    "y": -10.305652618408203,
    "z": -45.921470642089844,
    "r": -5.1352763175964355
  },
  "ob3": {
    "x": 121.01884460449219,
    "y": -9.07442569732666,
    "z": 26.99767303466797,
    "r": -4.288217544555664
  },
  "ob31": {
    "x": 120.62085723876953,
    "y": 13.768136024475098,
    "z": 2.0153656005859375,
    "r": 6.511782169342041
  },
  "b3": {
    "x": 120.620849609375,
    "y": 13.768135070800781,
    "z": -47.98462677001953,
    "r": 6.511782169342041
  }
}