{
  "Testloc": {
    "x": 25.877941131591797,
    "y": -138.78953552246094,
    "z": 108.28823852539062,
    "r": -79.18976593017578
  },
  "Startloc": {
    "x": 131.804931640625,
    "y": -5.300568580627441,
    "z": 100.60931396484375,
    "r": -2.0544722080230713
  }
}