{
  "color": {
    "x": -87.46174621582031,
    "y": 199.8282470703125,
    "z": 44.14913558959961,
    "r": 113.63825225830078
  },
  "overbelt": {
    "x": -12.156296730041504,
    "y": 234.72113037109375,
    "z": 57.59431457519531,
    "r": 92.9647216796875
  },
  "belt": {
    "x": -12.156293869018555,
    "y": 234.72108459472656,
    "z": 17.594314575195312,
    "r": 92.9647216796875
  },
  "Yello 2": {
    "x": -2.3602302074432373,
    "y": -116.09291076660156,
    "z": 42.465789794921875,
    "r": -91.16468811035156
  },
  "Color 2": {
    "x": -78.36798095703125,
    "y": 217.67526245117188,
    "z": 35.60028839111328,
    "r": 109.80001831054688
  },
  "Yellow f\u00f8rst": {
    "x": 121.21673583984375,
    "y": -116.38604736328125,
    "z": 130.3892059326172,
    "r": -43.83527755737305
  },
  "hjem": {
    "x": 199.8159942626953,
    "y": 6.15329117863439e-05,
    "z": 58.356632232666016,
    "r": 1.7644113540882245e-05
  },
  "over belt 2": {
    "x": 199.975830078125,
    "y": 6.299539381871e-05,
    "z": 94.29835510253906,
    "r": 1.7642974853515625e-05
  },
  "Belt2": {
    "x": 234.8480987548828,
    "y": -3.0380852222442627,
    "z": 21.00628662109375,
    "r": -0.7411588430404663
  },
  "OverBelt2": {
    "x": 235.2486572265625,
    "y": -3.043266773223877,
    "z": 110.798828125,
    "r": -0.7411588430404663
  },
  "nybelt": {
    "x": -14.35195541381836,
    "y": 231.53025817871094,
    "z": 17.356292724609375,
    "r": 93.54707336425781
  },
  "nyoverbelt": {
    "x": -14.351954460144043,
    "y": 231.53024291992188,
    "z": 57.356285095214844,
    "r": 93.54707336425781
  },
  "Belt3": {
    "x": -26.191675186157227,
    "y": 231.35914611816406,
    "z": 17.27265167236328,
    "r": 96.4588394165039
  },
  "OverBelt3": {
    "x": -26.19190216064453,
    "y": 231.3611602783203,
    "z": 77.22589111328125,
    "r": 96.4588394165039
  },
  "Color 3": {
    "x": -83.3404312133789,
    "y": 217.8725128173828,
    "z": 35.611778259277344,
    "r": 109.80001831054688
  }
}